postcode,climate_zone,state,rep_postcode
800,1,NT,800
810,1,NT,800
812,1,NT,800
820,1,NT,800
822,1,NT,800
828,1,NT,800
829,1,NT,800
830,1,NT,800
832,1,NT,800
834,1,NT,800
835,1,NT,800
836,1,NT,800
837,1,NT,800
838,1,NT,800
839,1,NT,800
840,1,NT,800
841,1,NT,800
845,1,NT,800
846,1,NT,800
847,1,NT,800
850,1,NT,800
852,1,NT,800
853,1,NT,800
854,1,NT,800
860,3,NT,860
862,1,NT,870
870,4,NT,870
872,4,NT,870
873,4,NT,870
874,4,NT,870
875,4,NT,870
880,1,NT,800
885,1,NT,800
886,1,NT,800
2000,5,NSW,2010
2007,5,NSW,2010
2008,5,NSW,2010
2009,5,NSW,2010
2010,5,NSW,2010
2011,5,NSW,2010
2015,5,NSW,2010
2016,5,NSW,2010
2017,5,NSW,2010
2018,5,NSW,2010
2019,5,NSW,2010
2020,5,NSW,2010
2021,5,NSW,2010
2022,5,NSW,2010
2023,5,NSW,2010
2024,5,NSW,2010
2025,5,NSW,2010
2026,5,NSW,2010
2027,5,NSW,2010
2028,5,NSW,2010
2029,5,NSW,2010
2030,5,NSW,2010
2031,5,NSW,2010
2032,5,NSW,2010
2033,5,NSW,2010
2034,5,NSW,2010
2035,5,NSW,2010
2036,5,NSW,2010
2037,5,NSW,2010
2038,5,NSW,2010
2039,5,NSW,2010
2040,5,NSW,2010
2041,5,NSW,2010
2042,5,NSW,2010
2043,5,NSW,2010
2044,5,NSW,2010
2045,5,NSW,2010
2046,5,NSW,2010
2047,5,NSW,2010
2048,5,NSW,2010
2049,5,NSW,2010
2050,5,NSW,2010
2060,5,NSW,2010
2061,5,NSW,2010
2062,5,NSW,2010
2063,5,NSW,2010
2064,5,NSW,2010
2065,5,NSW,2010
2066,5,NSW,2010
2067,5,NSW,2010
2068,5,NSW,2010
2069,5,NSW,2010
2070,5,NSW,2010
2071,5,NSW,2010
2072,5,NSW,2010
2073,5,NSW,2010
2074,5,NSW,2010
2075,5,NSW,2010
2076,5,NSW,2010
2077,5,NSW,2010
2079,5,NSW,2010
2080,5,NSW,2010
2081,5,NSW,2010
2082,5,NSW,2010
2083,5,NSW,2010
2084,5,NSW,2010
2085,5,NSW,2010
2086,5,NSW,2010
2087,5,NSW,2010
2088,5,NSW,2010
2089,5,NSW,2010
2090,5,NSW,2010
2092,5,NSW,2010
2093,5,NSW,2010
2094,5,NSW,2010
2095,5,NSW,2010
2096,5,NSW,2010
2097,5,NSW,2010
2099,5,NSW,2010
2100,5,NSW,2010
2101,5,NSW,2010
2102,5,NSW,2010
2103,5,NSW,2010
2104,5,NSW,2010
2105,5,NSW,2010
2106,5,NSW,2010
2107,5,NSW,2010
2108,5,NSW,2010
2110,5,NSW,2010
2111,5,NSW,2010
2112,5,NSW,2010
2113,5,NSW,2010
2114,5,NSW,2010
2115,5,NSW,2010
2116,5,NSW,2010
2117,5,NSW,2010
2118,5,NSW,2010
2119,5,NSW,2010
2120,5,NSW,2010
2121,5,NSW,2010
2122,5,NSW,2010
2125,5,NSW,2010
2126,5,NSW,2010
2127,5,NSW,2010
2128,5,NSW,2010
2130,5,NSW,2010
2131,5,NSW,2010
2132,5,NSW,2010
2133,5,NSW,2010
2134,5,NSW,2010
2135,5,NSW,2010
2136,5,NSW,2010
2137,5,NSW,2010
2138,5,NSW,2010
2140,5,NSW,2010
2141,5,NSW,2010
2142,5,NSW,2010
2143,5,NSW,2010
2144,5,NSW,2010
2145,5,NSW,2010
2146,5,NSW,2010
2147,5,NSW,2010
2148,5,NSW,2010
2150,5,NSW,2010
2151,5,NSW,2010
2152,5,NSW,2010
2153,5,NSW,2010
2154,5,NSW,2010
2155,5,NSW,2010
2156,5,NSW,2010
2157,5,NSW,2010
2158,5,NSW,2010
2159,5,NSW,2010
2160,5,NSW,2010
2161,5,NSW,2010
2162,5,NSW,2010
2163,5,NSW,2010
2164,5,NSW,2010
2165,5,NSW,2010
2166,5,NSW,2010
2167,5,NSW,2010
2168,5,NSW,2010
2170,5,NSW,2010
2171,5,NSW,2010
2172,5,NSW,2010
2173,5,NSW,2010
2174,5,NSW,2010
2175,5,NSW,2010
2176,5,NSW,2010
2177,5,NSW,2010
2178,5,NSW,2010
2179,5,NSW,2010
2190,5,NSW,2010
2191,5,NSW,2010
2192,5,NSW,2010
2193,5,NSW,2010
2194,5,NSW,2010
2195,5,NSW,2010
2196,5,NSW,2010
2197,5,NSW,2010
2198,5,NSW,2010
2199,5,NSW,2010
2200,5,NSW,2010
2203,5,NSW,2010
2204,5,NSW,2010
2205,5,NSW,2010
2206,5,NSW,2010
2207,5,NSW,2010
2208,5,NSW,2010
2209,5,NSW,2010
2210,5,NSW,2010
2211,5,NSW,2010
2212,5,NSW,2010
2213,5,NSW,2010
2214,5,NSW,2010
2216,5,NSW,2010
2217,5,NSW,2010
2218,5,NSW,2010
2219,5,NSW,2010
2220,5,NSW,2010
2221,5,NSW,2010
2222,5,NSW,2010
2223,5,NSW,2010
2224,5,NSW,2010
2225,5,NSW,2010
2226,5,NSW,2010
2227,5,NSW,2010
2228,5,NSW,2010
2229,5,NSW,2010
2230,5,NSW,2010
2231,5,NSW,2010
2232,5,NSW,2010
2233,5,NSW,2010
2234,5,NSW,2010
2250,5,NSW,2010
2251,5,NSW,2010
2256,5,NSW,2010
2257,5,NSW,2010
2258,5,NSW,2010
2259,5,NSW,2010
2260,5,NSW,2010
2261,5,NSW,2010
2262,5,NSW,2010
2263,5,NSW,2010
2264,5,NSW,2010
2265,5,NSW,2010
2267,5,NSW,2010
2278,5,NSW,2010
2280,5,NSW,2010
2281,5,NSW,2010
2282,5,NSW,2010
2283,5,NSW,2010
2284,5,NSW,2010
2285,5,NSW,2010
2286,5,NSW,2010
2287,5,NSW,2010
2289,5,NSW,2010
2290,5,NSW,2010
2291,5,NSW,2010
2292,5,NSW,2010
2293,5,NSW,2010
2294,5,NSW,2010
2295,5,NSW,2010
2296,5,NSW,2010
2297,5,NSW,2010
2298,5,NSW,2010
2299,5,NSW,2010
2300,5,NSW,2010
2302,5,NSW,2010
2303,5,NSW,2010
2304,5,NSW,2010
2305,5,NSW,2010
2306,5,NSW,2010
2307,5,NSW,2010
2308,5,NSW,2010
2311,5,NSW,2010
2312,5,NSW,2010
2315,5,NSW,2010
2316,5,NSW,2010
2317,5,NSW,2010
2318,5,NSW,2010
2319,5,NSW,2010
2320,5,NSW,2010
2321,5,NSW,2010
2322,5,NSW,2010
2323,5,NSW,2010
2324,5,NSW,2010
2325,5,NSW,2010
2326,5,NSW,2010
2327,5,NSW,2010
2328,5,NSW,2010
2329,2,NSW,2400
2330,5,NSW,2010
2331,5,NSW,2010
2333,5,NSW,2010
2334,5,NSW,2010
2335,5,NSW,2010
2336,5,NSW,2010
2337,5,NSW,2010
2338,5,NSW,2010
2339,5,NSW,2010
2340,5,NSW,2010
2341,5,NSW,2010
2342,5,NSW,2010
2343,5,NSW,2010
2344,5,NSW,2010
2345,5,NSW,2010
2346,5,NSW,2010
2347,2,NSW,2400
2350,2,NSW,2400
2352,5,NSW,2010
2353,5,NSW,2010
2354,5,NSW,2010
2355,5,NSW,2010
2356,2,NSW,2400
2357,2,NSW,2400
2358,5,NSW,2010
2359,2,NSW,2400
2360,2,NSW,2400
2361,2,NSW,2400
2365,2,NSW,2400
2369,2,NSW,2400
2370,2,NSW,2400
2371,2,NSW,2400
2372,2,NSW,2400
2379,2,NSW,2400
2380,5,NSW,2010
2381,5,NSW,2010
2382,2,NSW,2400
2386,5,NSW,2010
2387,5,NSW,2010
2388,2,NSW,2400
2390,2,NSW,2400
2395,2,NSW,2400
2396,2,NSW,2400
2397,2,NSW,2400
2398,2,NSW,2400
2399,2,NSW,2400
2400,2,NSW,2400
2401,2,NSW,2400
2402,2,NSW,2400
2403,2,NSW,2400
2404,2,NSW,2400
2405,2,NSW,2400
2406,5,NSW,2010
2408,2,NSW,2400
2409,2,NSW,2400
2410,2,NSW,2400
2411,2,NSW,2400
2415,5,NSW,2010
2420,5,NSW,2010
2421,5,NSW,2010
2422,5,NSW,2010
2423,5,NSW,2010
2424,5,NSW,2010
2425,5,NSW,2010
2426,5,NSW,2010
2427,5,NSW,2010
2428,5,NSW,2010
2429,5,NSW,2010
2430,5,NSW,2010
2431,5,NSW,2010
2439,5,NSW,2010
2440,5,NSW,2010
2441,5,NSW,2010
2443,5,NSW,2010
2444,5,NSW,2010
2445,5,NSW,2010
2446,5,NSW,2010
2447,5,NSW,2010
2448,5,NSW,2010
2449,5,NSW,2010
2450,2,NSW,2400
2452,5,NSW,2010
2453,2,NSW,2400
2454,5,NSW,2010
2455,5,NSW,2010
2456,2,NSW,2400
2460,2,NSW,2400
2462,2,NSW,2400
2463,2,NSW,2400
2464,2,NSW,2400
2465,2,NSW,2400
2466,2,NSW,2400
2469,2,NSW,2400
2470,2,NSW,2400
2471,2,NSW,2400
2472,2,NSW,2400
2473,2,NSW,2400
2474,2,NSW,2400
2475,2,NSW,2400
2476,2,NSW,2400
2477,2,NSW,2400
2478,2,NSW,2400
2479,2,NSW,2400
2480,2,NSW,2400
2481,2,NSW,2400
2482,2,NSW,2400
2483,2,NSW,2400
2484,2,NSW,2400
2485,2,NSW,2400
2486,2,NSW,2400
2487,2,NSW,2400
2488,2,NSW,2400
2489,2,NSW,2400
2490,2,NSW,2400
2500,5,NSW,2010
2502,5,NSW,2010
2505,5,NSW,2010
2506,5,NSW,2010
2508,5,NSW,2010
2515,5,NSW,2010
2516,5,NSW,2010
2517,5,NSW,2010
2518,5,NSW,2010
2519,5,NSW,2010
2525,5,NSW,2010
2526,5,NSW,2010
2527,5,NSW,2010
2528,5,NSW,2010
2529,5,NSW,2010
2530,5,NSW,2010
2533,5,NSW,2010
2534,5,NSW,2010
2535,5,NSW,2010
2536,5,NSW,2010
2537,5,NSW,2010
2538,2,NSW,2400
2539,2,NSW,2400
2540,5,NSW,2010
2541,5,NSW,2010
2545,5,NSW,2010
2546,5,NSW,2010
2548,5,NSW,2010
2549,5,NSW,2010
2550,5,NSW,2010
2551,5,NSW,2010
2555,5,NSW,2010
2556,5,NSW,2010
2557,5,NSW,2010
2558,5,NSW,2010
2559,5,NSW,2010
2560,5,NSW,2010
2563,5,NSW,2010
2564,5,NSW,2010
2565,5,NSW,2010
2566,5,NSW,2010
2567,5,NSW,2010
2568,5,NSW,2010
2569,5,NSW,2010
2570,5,NSW,2010
2571,5,NSW,2010
2572,5,NSW,2010
2573,5,NSW,2010
2574,5,NSW,2010
2575,5,NSW,2010
2576,5,NSW,2010
2577,5,NSW,2010
2578,5,NSW,2010
2579,5,NSW,2010
2580,2,NSW,2400
2581,2,NSW,2400
2582,2,NSW,2400
2583,2,NSW,2400
2584,2,NSW,2400
2585,2,NSW,2400
2586,2,NSW,2400
2587,2,NSW,2400
2588,5,NSW,2010
2590,5,NSW,2010
2594,5,NSW,2010
2600,6,ACT,2600
2601,6,ACT,2600
2602,6,ACT,2600
2603,6,ACT,2600
2604,6,ACT,2600
2605,6,ACT,2600
2606,6,ACT,2600
2607,6,ACT,2600
2609,6,ACT,2600
2611,2,NSW,2400
2612,6,ACT,2600
2614,6,ACT,2600
2615,6,ACT,2600
2617,6,ACT,2600
2618,2,NSW,2400
2619,2,NSW,2400
2620,2,NSW,2400
2621,2,NSW,2400
2622,2,NSW,2400
2623,2,NSW,2400
2624,5,NSW,2010
2625,5,NSW,2010
2626,5,NSW,2010
2627,5,NSW,2010
2628,5,NSW,2010
2629,5,NSW,2010
2630,5,NSW,2010
2631,5,NSW,2010
2632,5,NSW,2010
2633,5,NSW,2010
2640,5,NSW,2010
2641,5,NSW,2010
2642,5,NSW,2010
2643,5,NSW,2010
2644,5,NSW,2010
2645,6,NSW,2647
2646,6,NSW,2647
2647,6,NSW,2647
2648,4,NSW,2880
2649,5,NSW,2010
2650,5,NSW,2010
2651,5,NSW,2010
2652,6,NSW,2647
2653,5,NSW,2010
2655,5,NSW,2010
2656,5,NSW,2010
2658,5,NSW,2010
2659,5,NSW,2010
2660,5,NSW,2010
2661,5,NSW,2010
2663,5,NSW,2010
2665,5,NSW,2010
2666,5,NSW,2010
2668,5,NSW,2010
2669,6,NSW,2647
2671,5,NSW,2010
2672,5,NSW,2010
2675,4,NSW,2880
2678,5,NSW,2010
2680,6,NSW,2647
2681,6,NSW,2647
2700,6,NSW,2647
2701,5,NSW,2010
2702,5,NSW,2010
2703,6,NSW,2647
2705,6,NSW,2647
2706,6,NSW,2647
2707,6,NSW,2647
2710,6,NSW,2647
2711,4,NSW,2880
2712,6,NSW,2647
2713,6,NSW,2647
2714,6,NSW,2647
2715,4,NSW,2880
2716,6,NSW,2647
2717,4,NSW,2880
2720,5,NSW,2010
2721,5,NSW,2010
2722,5,NSW,2010
2725,5,NSW,2010
2726,2,NSW,2400
2727,5,NSW,2010
2729,5,NSW,2010
2730,5,NSW,2010
2731,6,NSW,2647
2732,6,NSW,2647
2733,4,NSW,2880
2734,4,NSW,2880
2735,4,NSW,2880
2736,4,NSW,2880
2737,4,NSW,2880
2738,4,NSW,2880
2739,4,NSW,2880
2745,5,NSW,2010
2747,5,NSW,2010
2748,5,NSW,2010
2749,5,NSW,2010
2750,5,NSW,2010
2752,5,NSW,2010
2753,5,NSW,2010
2754,5,NSW,2010
2756,5,NSW,2010
2757,5,NSW,2010
2758,5,NSW,2010
2759,5,NSW,2010
2760,5,NSW,2010
2761,5,NSW,2010
2762,5,NSW,2010
2763,5,NSW,2010
2765,5,NSW,2010
2766,5,NSW,2010
2767,5,NSW,2010
2768,5,NSW,2010
2769,5,NSW,2010
2770,5,NSW,2010
2773,5,NSW,2010
2774,5,NSW,2010
2775,5,NSW,2010
2776,5,NSW,2010
2777,5,NSW,2010
2778,5,NSW,2010
2779,5,NSW,2010
2780,5,NSW,2010
2782,5,NSW,2010
2783,5,NSW,2010
2784,5,NSW,2010
2785,5,NSW,2010
2786,5,NSW,2010
2787,5,NSW,2010
2790,5,NSW,2010
2791,2,NSW,2400
2792,2,NSW,2400
2793,2,NSW,2400
2794,2,NSW,2400
2795,2,NSW,2400
2797,2,NSW,2400
2798,2,NSW,2400
2799,2,NSW,2400
2800,2,NSW,2400
2803,2,NSW,2400
2804,2,NSW,2400
2805,2,NSW,2400
2806,2,NSW,2400
2807,2,NSW,2400
2808,2,NSW,2400
2809,2,NSW,2400
2810,5,NSW,2010
2817,2,NSW,2400
2818,2,NSW,2400
2820,2,NSW,2400
2821,5,NSW,2010
2822,2,NSW,2400
2823,5,NSW,2010
2824,5,NSW,2010
2825,4,NSW,2880
2826,4,NSW,2880
2827,5,NSW,2010
2828,5,NSW,2010
2829,5,NSW,2010
2830,2,NSW,2400
2831,4,NSW,2880
2832,6,NSW,2647
2833,5,NSW,2010
2834,5,NSW,2010
2835,4,NSW,2880
2836,4,NSW,2880
2838,5,NSW,2010
2839,4,NSW,2880
2840,4,NSW,2880
2842,2,NSW,2400
2843,2,NSW,2400
2844,2,NSW,2400
2845,5,NSW,2010
2846,5,NSW,2010
2847,5,NSW,2010
2848,5,NSW,2010
2849,5,NSW,2010
2850,2,NSW,2400
2852,2,NSW,2400
2864,2,NSW,2400
2865,2,NSW,2400
2866,2,NSW,2400
2867,2,NSW,2400
2868,2,NSW,2400
2869,5,NSW,2010
2870,5,NSW,2010
2871,5,NSW,2010
2873,5,NSW,2010
2874,5,NSW,2010
2875,5,NSW,2010
2876,5,NSW,2010
2877,6,NSW,2647
2878,4,NSW,2880
2879,4,NSW,2880
2880,4,NSW,2880
2898,5,,
2899,2,,
2900,6,ACT,2600
2902,6,ACT,2600
2903,6,ACT,2600
2904,6,ACT,2600
2905,6,ACT,2600
2906,6,ACT,2600
2911,6,ACT,2600
2912,6,ACT,2600
2913,6,ACT,2600
2914,6,ACT,2600
3000,5,VIC,3000
3002,5,VIC,3000
3003,5,VIC,3000
3004,5,VIC,3000
3006,5,VIC,3000
3008,5,VIC,3000
3011,5,VIC,3000
3012,5,VIC,3000
3013,5,VIC,3000
3015,5,VIC,3000
3016,5,VIC,3000
3018,5,VIC,3000
3019,5,VIC,3000
3020,5,VIC,3000
3021,5,VIC,3000
3022,5,VIC,3000
3023,5,VIC,3000
3024,5,VIC,3000
3025,5,VIC,3000
3026,5,VIC,3000
3027,5,VIC,3000
3028,5,VIC,3000
3029,5,VIC,3000
3030,5,VIC,3000
3031,5,VIC,3000
3032,5,VIC,3000
3033,5,VIC,3000
3034,5,VIC,3000
3036,5,VIC,3000
3037,5,VIC,3000
3038,5,VIC,3000
3039,5,VIC,3000
3040,5,VIC,3000
3041,5,VIC,3000
3042,5,VIC,3000
3043,5,VIC,3000
3044,5,VIC,3000
3045,5,VIC,3000
3046,5,VIC,3000
3047,5,VIC,3000
3048,5,VIC,3000
3049,5,VIC,3000
3051,5,VIC,3000
3052,5,VIC,3000
3053,5,VIC,3000
3054,5,VIC,3000
3055,5,VIC,3000
3056,5,VIC,3000
3057,5,VIC,3000
3058,5,VIC,3000
3059,5,VIC,3000
3060,5,VIC,3000
3061,5,VIC,3000
3062,5,VIC,3000
3063,5,VIC,3000
3064,5,VIC,3000
3065,5,VIC,3000
3066,5,VIC,3000
3067,5,VIC,3000
3068,5,VIC,3000
3070,5,VIC,3000
3071,5,VIC,3000
3072,5,VIC,3000
3073,5,VIC,3000
3074,5,VIC,3000
3075,5,VIC,3000
3076,5,VIC,3000
3078,5,VIC,3000
3079,5,VIC,3000
3081,5,VIC,3000
3082,5,VIC,3000
3083,5,VIC,3000
3084,5,VIC,3000
3085,5,VIC,3000
3087,5,VIC,3000
3088,5,VIC,3000
3089,5,VIC,3000
3090,5,VIC,3000
3091,5,VIC,3000
3093,5,VIC,3000
3094,5,VIC,3000
3095,5,VIC,3000
3096,5,VIC,3000
3097,5,VIC,3000
3099,5,VIC,3000
3101,5,VIC,3000
3102,5,VIC,3000
3103,5,VIC,3000
3104,5,VIC,3000
3105,5,VIC,3000
3106,5,VIC,3000
3107,5,VIC,3000
3108,5,VIC,3000
3109,5,VIC,3000
3111,5,VIC,3000
3113,5,VIC,3000
3114,5,VIC,3000
3115,5,VIC,3000
3116,5,VIC,3000
3121,5,VIC,3000
3122,5,VIC,3000
3123,5,VIC,3000
3124,5,VIC,3000
3125,5,VIC,3000
3126,5,VIC,3000
3127,5,VIC,3000
3128,5,VIC,3000
3129,5,VIC,3000
3130,5,VIC,3000
3131,5,VIC,3000
3132,5,VIC,3000
3133,5,VIC,3000
3134,5,VIC,3000
3135,5,VIC,3000
3136,5,VIC,3000
3137,5,VIC,3000
3138,5,VIC,3000
3139,5,VIC,3000
3140,5,VIC,3000
3141,5,VIC,3000
3142,5,VIC,3000
3143,5,VIC,3000
3144,5,VIC,3000
3145,5,VIC,3000
3146,5,VIC,3000
3147,5,VIC,3000
3148,5,VIC,3000
3149,5,VIC,3000
3150,5,VIC,3000
3151,5,VIC,3000
3152,5,VIC,3000
3153,5,VIC,3000
3154,5,VIC,3000
3155,5,VIC,3000
3156,5,VIC,3000
3158,5,VIC,3000
3159,5,VIC,3000
3160,5,VIC,3000
3161,5,VIC,3000
3162,5,VIC,3000
3163,5,VIC,3000
3165,5,VIC,3000
3166,5,VIC,3000
3167,5,VIC,3000
3168,5,VIC,3000
3169,5,VIC,3000
3170,5,VIC,3000
3171,5,VIC,3000
3172,5,VIC,3000
3173,5,VIC,3000
3174,5,VIC,3000
3175,5,VIC,3000
3177,5,VIC,3000
3178,5,VIC,3000
3179,5,VIC,3000
3180,5,VIC,3000
3181,5,VIC,3000
3182,5,VIC,3000
3183,5,VIC,3000
3184,5,VIC,3000
3185,5,VIC,3000
3186,5,VIC,3000
3187,5,VIC,3000
3188,5,VIC,3000
3189,5,VIC,3000
3190,5,VIC,3000
3191,5,VIC,3000
3192,5,VIC,3000
3193,5,VIC,3000
3194,5,VIC,3000
3195,5,VIC,3000
3196,5,VIC,3000
3197,5,VIC,3000
3198,5,VIC,3000
3199,5,VIC,3000
3200,5,VIC,3000
3201,5,VIC,3000
3202,5,VIC,3000
3204,5,VIC,3000
3205,5,VIC,3000
3206,5,VIC,3000
3207,5,VIC,3000
3211,5,VIC,3000
3212,5,VIC,3000
3213,5,VIC,3000
3214,5,VIC,3000
3215,5,VIC,3000
3216,5,VIC,3000
3217,5,VIC,3000
3218,5,VIC,3000
3219,5,VIC,3000
3220,5,VIC,3000
3221,5,VIC,3000
3222,5,VIC,3000
3223,5,VIC,3000
3224,5,VIC,3000
3225,5,VIC,3000
3226,5,VIC,3000
3227,5,VIC,3000
3228,5,VIC,3000
3230,5,VIC,3000
3231,5,VIC,3000
3232,5,VIC,3000
3233,5,VIC,3000
3234,5,VIC,3000
3235,5,VIC,3000
3236,5,VIC,3000
3237,5,VIC,3000
3238,5,VIC,3000
3239,5,VIC,3000
3240,5,VIC,3000
3241,5,VIC,3000
3242,5,VIC,3000
3243,5,VIC,3000
3249,5,VIC,3000
3250,5,VIC,3000
3251,5,VIC,3000
3254,5,VIC,3000
3260,5,VIC,3000
3264,5,VIC,3000
3265,5,VIC,3000
3266,5,VIC,3000
3267,5,VIC,3000
3268,5,VIC,3000
3269,5,VIC,3000
3270,5,VIC,3000
3271,5,VIC,3000
3272,5,VIC,3000
3273,5,VIC,3000
3274,5,VIC,3000
3275,5,VIC,3000
3276,5,VIC,3000
3277,5,VIC,3000
3278,5,VIC,3000
3279,5,VIC,3000
3280,5,VIC,3000
3281,5,VIC,3000
3282,5,VIC,3000
3283,5,VIC,3000
3284,5,VIC,3000
3285,5,VIC,3000
3286,5,VIC,3000
3287,5,VIC,3000
3289,5,VIC,3000
3292,5,VIC,3000
3293,5,VIC,3000
3294,5,VIC,3000
3300,5,VIC,3000
3301,5,VIC,3000
3302,5,VIC,3000
3303,5,VIC,3000
3304,5,VIC,3000
3305,5,VIC,3000
3309,5,VIC,3000
3310,5,VIC,3000
3311,5,VIC,3000
3312,5,VIC,3000
3314,5,VIC,3000
3315,5,VIC,3000
3317,5,VIC,3000
3318,5,VIC,3000
3319,5,VIC,3000
3321,5,VIC,3000
3322,5,VIC,3000
3323,5,VIC,3000
3324,5,VIC,3000
3325,5,VIC,3000
3328,5,VIC,3000
3329,5,VIC,3000
3330,5,VIC,3000
3331,5,VIC,3000
3332,5,VIC,3000
3333,5,VIC,3000
3334,5,VIC,3000
3335,5,VIC,3000
3336,5,VIC,3000
3337,5,VIC,3000
3338,5,VIC,3000
3340,5,VIC,3000
3341,5,VIC,3000
3342,5,VIC,3000
3345,5,VIC,3000
3350,5,VIC,3000
3351,5,VIC,3000
3352,5,VIC,3000
3355,5,VIC,3000
3356,5,VIC,3000
3357,5,VIC,3000
3358,5,VIC,3000
3360,5,VIC,3000
3361,5,VIC,3000
3363,6,VIC,3570
3364,6,VIC,3570
3370,5,VIC,3000
3371,5,VIC,3000
3373,5,VIC,3000
3374,5,VIC,3000
3375,5,VIC,3000
3377,5,VIC,3000
3378,5,VIC,3000
3379,5,VIC,3000
3380,5,VIC,3000
3381,5,VIC,3000
3384,5,VIC,3000
3385,5,VIC,3000
3387,5,VIC,3000
3388,5,VIC,3000
3390,5,VIC,3000
3391,5,VIC,3000
3392,5,VIC,3000
3393,6,VIC,3570
3395,5,VIC,3000
3396,5,VIC,3000
3400,5,VIC,3000
3401,5,VIC,3000
3407,5,VIC,3000
3409,5,VIC,3000
3412,6,VIC,3570
3413,5,VIC,3000
3414,6,VIC,3570
3415,6,VIC,3570
3418,6,VIC,3570
3419,6,VIC,3570
3420,5,VIC,3000
3423,5,VIC,3000
3424,5,VIC,3000
3427,5,VIC,3000
3428,5,VIC,3000
3429,5,VIC,3000
3430,5,VIC,3000
3431,5,VIC,3000
3432,5,VIC,3000
3433,5,VIC,3000
3434,5,VIC,3000
3435,5,VIC,3000
3437,5,VIC,3000
3438,5,VIC,3000
3440,5,VIC,3000
3441,5,VIC,3000
3442,5,VIC,3000
3444,5,VIC,3000
3446,5,VIC,3000
3447,5,VIC,3000
3448,5,VIC,3000
3450,5,VIC,3000
3451,5,VIC,3000
3453,5,VIC,3000
3458,5,VIC,3000
3460,5,VIC,3000
3461,5,VIC,3000
3462,5,VIC,3000
3463,5,VIC,3000
3464,5,VIC,3000
3465,5,VIC,3000
3467,5,VIC,3000
3468,5,VIC,3000
3469,5,VIC,3000
3472,6,VIC,3570
3475,6,VIC,3570
3477,6,VIC,3570
3478,6,VIC,3570
3480,6,VIC,3570
3482,5,VIC,3000
3483,5,VIC,3000
3485,5,VIC,3000
3487,5,VIC,3000
3488,4,VIC,3500
3489,4,VIC,3500
3490,4,VIC,3500
3491,4,VIC,3500
3494,4,VIC,3500
3496,4,VIC,3500
3498,4,VIC,3500
3500,4,VIC,3500
3501,4,VIC,3500
3505,4,VIC,3500
3506,4,VIC,3500
3507,4,VIC,3500
3509,4,VIC,3500
3512,4,VIC,3500
3515,6,VIC,3570
3516,6,VIC,3570
3517,6,VIC,3570
3518,6,VIC,3570
3520,6,VIC,3570
3521,5,VIC,3000
3522,5,VIC,3000
3523,5,VIC,3000
3525,6,VIC,3570
3527,5,VIC,3000
3529,5,VIC,3000
3530,5,VIC,3000
3531,5,VIC,3000
3533,4,VIC,3500
3537,6,VIC,3570
3540,5,VIC,3000
3542,4,VIC,3500
3544,4,VIC,3500
3546,4,VIC,3500
3549,4,VIC,3500
3550,5,VIC,3000
3551,5,VIC,3000
3555,5,VIC,3000
3556,6,VIC,3570
3557,6,VIC,3570
3558,6,VIC,3570
3559,6,VIC,3570
3561,6,VIC,3570
3562,6,VIC,3570
3563,6,VIC,3570
3564,6,VIC,3570
3565,6,VIC,3570
3566,6,VIC,3570
3567,6,VIC,3570
3568,6,VIC,3570
3570,6,VIC,3570
3571,6,VIC,3570
3572,6,VIC,3570
3573,6,VIC,3570
3575,6,VIC,3570
3576,6,VIC,3570
3579,4,VIC,3500
3580,5,VIC,3000
3581,4,VIC,3500
3583,5,VIC,3000
3584,4,VIC,3500
3585,4,VIC,3500
3586,4,VIC,3500
3588,4,VIC,3500
3589,4,VIC,3500
3590,4,VIC,3500
3591,4,VIC,3500
3594,4,VIC,3500
3595,4,VIC,3500
3596,4,VIC,3500
3597,4,VIC,3500
3599,4,VIC,3500
3607,5,VIC,3000
3608,5,VIC,3000
3610,5,VIC,3000
3612,5,VIC,3000
3614,5,VIC,3000
3616,6,VIC,3570
3617,6,VIC,3570
3618,6,VIC,3570
3620,6,VIC,3570
3621,6,VIC,3570
3622,6,VIC,3570
3623,6,VIC,3570
3624,6,VIC,3570
3629,6,VIC,3570
3630,5,VIC,3000
3631,5,VIC,3000
3633,6,VIC,3570
3634,6,VIC,3570
3635,6,VIC,3570
3636,6,VIC,3570
3637,6,VIC,3570
3638,6,VIC,3570
3639,6,VIC,3570
3640,6,VIC,3570
3641,6,VIC,3570
3644,6,VIC,3570
3646,6,VIC,3570
3647,6,VIC,3570
3649,6,VIC,3570
3658,5,VIC,3000
3659,5,VIC,3000
3660,5,VIC,3000
3662,5,VIC,3000
3663,5,VIC,3000
3664,5,VIC,3000
3665,5,VIC,3000
3666,5,VIC,3000
3669,5,VIC,3000
3670,5,VIC,3000
3672,5,VIC,3000
3673,5,VIC,3000
3675,5,VIC,3000
3677,5,VIC,3000
3678,5,VIC,3000
3682,5,VIC,3000
3683,5,VIC,3000
3685,5,VIC,3000
3687,5,VIC,3000
3688,5,VIC,3000
3690,5,VIC,3000
3691,5,VIC,3000
3695,5,VIC,3000
3697,5,VIC,3000
3698,5,VIC,3000
3699,5,VIC,3000
3700,5,VIC,3000
3701,5,VIC,3000
3704,5,VIC,3000
3705,5,VIC,3000
3707,5,VIC,3000
3708,5,VIC,3000
3709,5,VIC,3000
3711,5,VIC,3000
3712,5,VIC,3000
3713,5,VIC,3000
3714,5,VIC,3000
3715,5,VIC,3000
3717,5,VIC,3000
3718,5,VIC,3000
3719,5,VIC,3000
3720,5,VIC,3000
3722,5,VIC,3000
3723,5,VIC,3000
3725,6,VIC,3570
3726,6,VIC,3570
3727,6,VIC,3570
3728,6,VIC,3570
3730,6,VIC,3570
3732,5,VIC,3000
3733,5,VIC,3000
3735,5,VIC,3000
3737,5,VIC,3000
3738,5,VIC,3000
3739,5,VIC,3000
3740,5,VIC,3000
3741,5,VIC,3000
3744,5,VIC,3000
3746,5,VIC,3000
3747,5,VIC,3000
3749,5,VIC,3000
3750,5,VIC,3000
3751,5,VIC,3000
3752,5,VIC,3000
3753,5,VIC,3000
3754,5,VIC,3000
3755,5,VIC,3000
3756,5,VIC,3000
3757,5,VIC,3000
3758,5,VIC,3000
3759,5,VIC,3000
3760,5,VIC,3000
3761,5,VIC,3000
3762,5,VIC,3000
3763,5,VIC,3000
3764,5,VIC,3000
3765,5,VIC,3000
3766,5,VIC,3000
3767,5,VIC,3000
3770,5,VIC,3000
3775,5,VIC,3000
3777,5,VIC,3000
3778,5,VIC,3000
3779,5,VIC,3000
3781,5,VIC,3000
3782,5,VIC,3000
3783,5,VIC,3000
3785,5,VIC,3000
3786,5,VIC,3000
3787,5,VIC,3000
3788,5,VIC,3000
3789,5,VIC,3000
3791,5,VIC,3000
3792,5,VIC,3000
3793,5,VIC,3000
3795,5,VIC,3000
3796,5,VIC,3000
3797,5,VIC,3000
3799,5,VIC,3000
3802,5,VIC,3000
3803,5,VIC,3000
3804,5,VIC,3000
3805,5,VIC,3000
3806,5,VIC,3000
3807,5,VIC,3000
3808,5,VIC,3000
3809,5,VIC,3000
3810,5,VIC,3000
3812,5,VIC,3000
3813,5,VIC,3000
3814,5,VIC,3000
3815,5,VIC,3000
3816,5,VIC,3000
3818,5,VIC,3000
3820,5,VIC,3000
3821,5,VIC,3000
3822,5,VIC,3000
3823,5,VIC,3000
3824,5,VIC,3000
3825,5,VIC,3000
3831,5,VIC,3000
3832,5,VIC,3000
3833,5,VIC,3000
3835,5,VIC,3000
3840,5,VIC,3000
3842,5,VIC,3000
3844,5,VIC,3000
3847,5,VIC,3000
3850,5,VIC,3000
3851,5,VIC,3000
3852,5,VIC,3000
3854,5,VIC,3000
3856,5,VIC,3000
3857,5,VIC,3000
3858,5,VIC,3000
3859,5,VIC,3000
3860,5,VIC,3000
3862,5,VIC,3000
3864,5,VIC,3000
3865,5,VIC,3000
3869,5,VIC,3000
3870,5,VIC,3000
3871,5,VIC,3000
3873,5,VIC,3000
3874,5,VIC,3000
3875,5,VIC,3000
3878,5,VIC,3000
3880,5,VIC,3000
3882,5,VIC,3000
3885,5,VIC,3000
3886,5,VIC,3000
3887,5,VIC,3000
3888,5,VIC,3000
3889,5,VIC,3000
3890,5,VIC,3000
3891,5,VIC,3000
3892,5,VIC,3000
3893,5,VIC,3000
3895,5,VIC,3000
3896,5,VIC,3000
3898,5,VIC,3000
3900,5,VIC,3000
3902,5,VIC,3000
3903,5,VIC,3000
3904,5,VIC,3000
3909,5,VIC,3000
3910,5,VIC,3000
3911,5,VIC,3000
3912,5,VIC,3000
3913,5,VIC,3000
3915,5,VIC,3000
3916,5,VIC,3000
3918,5,VIC,3000
3919,5,VIC,3000
3920,5,VIC,3000
3921,5,VIC,3000
3922,5,VIC,3000
3923,5,VIC,3000
3925,5,VIC,3000
3926,5,VIC,3000
3927,5,VIC,3000
3928,5,VIC,3000
3929,5,VIC,3000
3930,5,VIC,3000
3931,5,VIC,3000
3933,5,VIC,3000
3934,5,VIC,3000
3936,5,VIC,3000
3937,5,VIC,3000
3938,5,VIC,3000
3939,5,VIC,3000
3940,5,VIC,3000
3941,5,VIC,3000
3942,5,VIC,3000
3943,5,VIC,3000
3944,5,VIC,3000
3945,5,VIC,3000
3946,5,VIC,3000
3950,5,VIC,3000
3951,5,VIC,3000
3953,5,VIC,3000
3954,5,VIC,3000
3956,5,VIC,3000
3957,5,VIC,3000
3958,5,VIC,3000
3959,5,VIC,3000
3960,5,VIC,3000
3962,5,VIC,3000
3964,5,VIC,3000
3965,5,VIC,3000
3966,5,VIC,3000
3967,5,VIC,3000
3971,5,VIC,3000
3975,5,VIC,3000
3976,5,VIC,3000
3977,5,VIC,3000
3978,5,VIC,3000
3979,5,VIC,3000
3980,5,VIC,3000
3981,5,VIC,3000
3984,5,VIC,3000
3987,5,VIC,3000
3988,5,VIC,3000
3990,5,VIC,3000
3991,5,VIC,3000
3992,5,VIC,3000
3995,5,VIC,3000
3996,5,VIC,3000
4000,5,QLD,4000
4005,5,QLD,4000
4006,5,QLD,4000
4007,5,QLD,4000
4008,5,QLD,4000
4009,5,QLD,4000
4010,5,QLD,4000
4011,5,QLD,4000
4012,5,QLD,4000
4013,5,QLD,4000
4014,5,QLD,4000
4017,5,QLD,4000
4018,5,QLD,4000
4019,5,QLD,4000
4020,5,QLD,4000
4021,5,QLD,4000
4022,5,QLD,4000
4025,5,QLD,4000
4030,5,QLD,4000
4031,5,QLD,4000
4032,5,QLD,4000
4034,5,QLD,4000
4035,5,QLD,4000
4036,5,QLD,4000
4037,5,QLD,4000
4051,5,QLD,4000
4053,5,QLD,4000
4054,5,QLD,4000
4055,5,QLD,4000
4059,5,QLD,4000
4060,5,QLD,4000
4061,5,QLD,4000
4064,5,QLD,4000
4065,5,QLD,4000
4066,5,QLD,4000
4067,5,QLD,4000
4068,5,QLD,4000
4069,5,QLD,4000
4070,5,QLD,4000
4073,5,QLD,4000
4074,5,QLD,4000
4075,5,QLD,4000
4076,5,QLD,4000
4077,5,QLD,4000
4078,5,QLD,4000
4101,5,QLD,4000
4102,5,QLD,4000
4103,5,QLD,4000
4104,5,QLD,4000
4105,5,QLD,4000
4106,5,QLD,4000
4107,5,QLD,4000
4108,5,QLD,4000
4109,5,QLD,4000
4110,5,QLD,4000
4111,5,QLD,4000
4112,5,QLD,4000
4113,5,QLD,4000
4114,5,QLD,4000
4115,5,QLD,4000
4116,5,QLD,4000
4117,5,QLD,4000
4118,5,QLD,4000
4119,5,QLD,4000
4120,5,QLD,4000
4121,5,QLD,4000
4122,5,QLD,4000
4123,5,QLD,4000
4124,5,QLD,4000
4125,5,QLD,4000
4127,5,QLD,4000
4128,5,QLD,4000
4129,5,QLD,4000
4130,5,QLD,4000
4131,5,QLD,4000
4132,5,QLD,4000
4133,5,QLD,4000
4151,5,QLD,4000
4152,5,QLD,4000
4153,5,QLD,4000
4154,5,QLD,4000
4155,5,QLD,4000
4156,5,QLD,4000
4157,5,QLD,4000
4158,5,QLD,4000
4159,5,QLD,4000
4160,5,QLD,4000
4161,5,QLD,4000
4163,5,QLD,4000
4164,5,QLD,4000
4165,5,QLD,4000
4169,5,QLD,4000
4170,5,QLD,4000
4171,5,QLD,4000
4172,5,QLD,4000
4173,5,QLD,4000
4174,5,QLD,4000
4178,5,QLD,4000
4179,5,QLD,4000
4183,5,QLD,4000
4184,5,QLD,4000
4205,5,QLD,4000
4207,5,QLD,4000
4208,5,QLD,4000
4209,5,QLD,4000
4210,5,QLD,4000
4211,2,QLD,4220
4212,5,QLD,4000
4213,2,QLD,4220
4214,2,QLD,4220
4215,5,QLD,4000
4216,5,QLD,4000
4217,2,QLD,4220
4218,2,QLD,4220
4220,2,QLD,4220
4221,2,QLD,4220
4223,2,QLD,4220
4224,2,QLD,4220
4225,2,QLD,4220
4226,2,QLD,4220
4227,2,QLD,4220
4228,2,QLD,4220
4270,5,QLD,4000
4272,5,QLD,4000
4275,2,QLD,4220
4280,5,QLD,4000
4285,2,QLD,4220
4287,2,QLD,4220
4300,5,QLD,4000
4301,5,QLD,4000
4303,5,QLD,4000
4304,5,QLD,4000
4305,5,QLD,4000
4306,5,QLD,4000
4307,5,QLD,4000
4309,2,QLD,4220
4310,2,QLD,4220
4311,5,QLD,4000
4312,5,QLD,4000
4313,5,QLD,4000
4314,5,QLD,4000
4340,5,QLD,4000
4341,5,QLD,4000
4342,5,QLD,4000
4343,5,QLD,4000
4344,5,QLD,4000
4346,5,QLD,4000
4347,5,QLD,4000
4350,5,QLD,4000
4352,5,QLD,4000
4353,5,QLD,4000
4354,5,QLD,4000
4355,5,QLD,4000
4356,5,QLD,4000
4357,2,QLD,4220
4358,5,QLD,4000
4359,5,QLD,4000
4360,5,QLD,4000
4361,2,QLD,4220
4362,2,QLD,4220
4363,5,QLD,4000
4364,5,QLD,4000
4365,2,QLD,4220
4370,2,QLD,4220
4371,2,QLD,4220
4372,2,QLD,4220
4373,2,QLD,4220
4374,2,QLD,4220
4375,2,QLD,4220
4376,2,QLD,4220
4377,2,QLD,4220
4378,2,QLD,4220
4380,2,QLD,4220
4381,2,QLD,4220
4382,2,QLD,4220
4383,2,QLD,4220
4384,2,QLD,4220
4385,2,QLD,4220
4387,2,QLD,4220
4388,2,QLD,4220
4390,2,QLD,4220
4400,5,QLD,4000
4401,5,QLD,4000
4402,5,QLD,4000
4403,5,QLD,4000
4404,5,QLD,4000
4405,5,QLD,4000
4406,5,QLD,4000
4407,5,QLD,4000
4408,5,QLD,4000
4410,5,QLD,4000
4411,5,QLD,4000
4412,5,QLD,4000
4413,5,QLD,4000
4415,5,QLD,4000
4416,5,QLD,4000
4417,2,QLD,4220
4418,5,QLD,4000
4419,5,QLD,4000
4420,2,QLD,4220
4421,5,QLD,4000
4422,2,QLD,4220
4423,2,QLD,4220
4424,5,QLD,4000
4425,2,QLD,4220
4426,2,QLD,4220
4427,2,QLD,4220
4428,2,QLD,4220
4454,1,QLD,4720
4455,5,QLD,4000
4461,5,QLD,4000
4462,5,QLD,4000
4465,4,QLD,4480
4467,4,QLD,4480
4468,4,QLD,4480
4470,4,QLD,4480
4472,4,QLD,4480
4474,4,QLD,4480
4477,4,QLD,4480
4478,4,QLD,4480
4479,4,QLD,4480
4480,4,QLD,4480
4481,4,QLD,4480
4482,3,QLD,4822
4486,5,QLD,4000
4487,5,QLD,4000
4488,4,QLD,4480
4489,4,QLD,4480
4490,4,QLD,4480
4491,4,QLD,4480
4492,4,QLD,4480
4493,4,QLD,4480
4494,2,QLD,4220
4496,2,QLD,4220
4497,5,QLD,4000
4498,2,QLD,4220
4500,5,QLD,4000
4501,5,QLD,4000
4502,5,QLD,4000
4503,5,QLD,4000
4504,5,QLD,4000
4505,5,QLD,4000
4506,5,QLD,4000
4507,5,QLD,4000
4508,5,QLD,4000
4509,5,QLD,4000
4510,5,QLD,4000
4511,5,QLD,4000
4512,5,QLD,4000
4514,5,QLD,4000
4515,5,QLD,4000
4516,5,QLD,4000
4517,5,QLD,4000
4518,5,QLD,4000
4519,5,QLD,4000
4520,5,QLD,4000
4521,5,QLD,4000
4550,5,QLD,4000
4551,5,QLD,4000
4552,5,QLD,4000
4553,5,QLD,4000
4554,5,QLD,4000
4555,5,QLD,4000
4556,5,QLD,4000
4557,5,QLD,4000
4558,5,QLD,4000
4559,5,QLD,4000
4560,5,QLD,4000
4561,5,QLD,4000
4562,5,QLD,4000
4563,5,QLD,4000
4564,5,QLD,4000
4565,5,QLD,4000
4566,5,QLD,4000
4567,5,QLD,4000
4568,5,QLD,4000
4569,5,QLD,4000
4570,5,QLD,4000
4571,5,QLD,4000
4572,5,QLD,4000
4573,5,QLD,4000
4574,5,QLD,4000
4575,5,QLD,4000
4580,5,QLD,4000
4581,5,QLD,4000
4600,5,QLD,4000
4601,5,QLD,4000
4605,5,QLD,4000
4606,5,QLD,4000
4608,5,QLD,4000
4610,5,QLD,4000
4611,5,QLD,4000
4612,5,QLD,4000
4613,5,QLD,4000
4614,5,QLD,4000
4615,5,QLD,4000
4620,5,QLD,4000
4621,5,QLD,4000
4625,5,QLD,4000
4626,5,QLD,4000
4627,5,QLD,4000
4630,2,QLD,4220
4650,5,QLD,4000
4655,5,QLD,4000
4659,5,QLD,4000
4660,5,QLD,4000
4662,5,QLD,4000
4670,5,QLD,4000
4671,5,QLD,4000
4673,5,QLD,4000
4674,2,QLD,4220
4676,2,QLD,4220
4677,2,QLD,4220
4678,2,QLD,4220
4680,2,QLD,4220
4694,2,QLD,4220
4695,2,QLD,4220
4697,2,QLD,4220
4699,2,QLD,4220
4700,2,QLD,4220
4701,2,QLD,4220
4702,2,QLD,4220
4703,2,QLD,4220
4704,2,QLD,4220
4705,2,QLD,4220
4706,2,QLD,4220
4707,2,QLD,4220
4709,2,QLD,4220
4710,2,QLD,4220
4711,2,QLD,4220
4712,2,QLD,4220
4713,2,QLD,4220
4714,2,QLD,4220
4715,2,QLD,4220
4716,2,QLD,4220
4717,2,QLD,4220
4718,2,QLD,4220
4719,2,QLD,4220
4720,1,QLD,4720
4721,1,QLD,4720
4722,1,QLD,4720
4723,2,QLD,4220
4724,1,QLD,4720
4725,3,QLD,4822
4726,1,QLD,4720
4727,4,QLD,4480
4728,1,QLD,4720
4730,3,QLD,4822
4731,4,QLD,4480
4732,3,QLD,4822
4733,3,QLD,4822
4735,3,QLD,4822
4736,4,QLD,4480
4737,2,QLD,4220
4738,2,QLD,4220
4739,2,QLD,4220
4740,2,QLD,4220
4741,2,QLD,4220
4742,2,QLD,4220
4743,2,QLD,4220
4744,2,QLD,4220
4745,2,QLD,4220
4746,2,QLD,4220
4750,2,QLD,4220
4751,2,QLD,4220
4753,2,QLD,4220
4754,2,QLD,4220
4756,2,QLD,4220
4757,2,QLD,4220
4798,2,QLD,4220
4799,2,QLD,4220
4800,2,QLD,4220
4802,2,QLD,4220
4804,2,QLD,4220
4805,2,QLD,4220
4806,2,QLD,4220
4807,2,QLD,4220
4808,2,QLD,4220
4809,2,QLD,4220
4810,2,QLD,4220
4811,2,QLD,4220
4812,2,QLD,4220
4814,2,QLD,4220
4815,2,QLD,4220
4816,1,QLD,4720
4817,2,QLD,4220
4818,2,QLD,4220
4819,2,QLD,4220
4820,1,QLD,4720
4821,1,QLD,4720
4822,3,QLD,4822
4823,3,QLD,4822
4824,1,QLD,4720
4825,3,QLD,4822
4828,1,QLD,4720
4829,3,QLD,4822
4830,1,QLD,4720
4849,2,QLD,4220
4850,2,QLD,4220
4852,2,QLD,4220
4854,2,QLD,4220
4855,2,QLD,4220
4856,2,QLD,4220
4858,2,QLD,4220
4859,2,QLD,4220
4860,2,QLD,4220
4861,2,QLD,4220
4865,2,QLD,4220
4868,2,QLD,4220
4869,2,QLD,4220
4870,2,QLD,4220
4871,1,QLD,4720
4872,2,QLD,4220
4873,2,QLD,4220
4874,1,QLD,4720
4875,1,QLD,4720
4876,1,QLD,4720
4877,2,QLD,4220
4878,2,QLD,4220
4879,2,QLD,4220
4880,2,QLD,4220
4881,2,QLD,4220
4882,2,QLD,4220
4883,2,QLD,4220
4884,2,QLD,4220
4885,2,QLD,4220
4886,2,QLD,4220
4887,2,QLD,4220
4888,2,QLD,4220
4890,1,QLD,4720
4891,1,QLD,4720
4892,1,QLD,4720
4895,2,QLD,4220
5000,5,SA,5000
5006,5,SA,5000
5007,5,SA,5000
5008,5,SA,5000
5009,5,SA,5000
5010,5,SA,5000
5011,5,SA,5000
5012,5,SA,5000
5013,5,SA,5000
5014,5,SA,5000
5015,5,SA,5000
5016,5,SA,5000
5017,5,SA,5000
5018,5,SA,5000
5019,5,SA,5000
5020,5,SA,5000
5021,5,SA,5000
5022,5,SA,5000
5023,5,SA,5000
5024,5,SA,5000
5025,5,SA,5000
5031,5,SA,5000
5032,5,SA,5000
5033,5,SA,5000
5034,5,SA,5000
5035,5,SA,5000
5037,5,SA,5000
5038,5,SA,5000
5039,5,SA,5000
5040,5,SA,5000
5041,5,SA,5000
5042,5,SA,5000
5043,5,SA,5000
5044,5,SA,5000
5045,5,SA,5000
5046,5,SA,5000
5047,5,SA,5000
5048,5,SA,5000
5049,5,SA,5000
5050,5,SA,5000
5051,5,SA,5000
5052,5,SA,5000
5061,5,SA,5000
5062,5,SA,5000
5063,5,SA,5000
5064,5,SA,5000
5065,5,SA,5000
5066,5,SA,5000
5067,5,SA,5000
5068,5,SA,5000
5069,5,SA,5000
5070,5,SA,5000
5072,5,SA,5000
5073,5,SA,5000
5074,5,SA,5000
5075,5,SA,5000
5076,5,SA,5000
5081,5,SA,5000
5082,5,SA,5000
5083,5,SA,5000
5084,5,SA,5000
5085,5,SA,5000
5086,5,SA,5000
5087,5,SA,5000
5088,5,SA,5000
5089,5,SA,5000
5090,5,SA,5000
5091,5,SA,5000
5092,5,SA,5000
5093,5,SA,5000
5094,5,SA,5000
5095,5,SA,5000
5096,5,SA,5000
5097,5,SA,5000
5098,5,SA,5000
5106,5,SA,5000
5107,5,SA,5000
5108,5,SA,5000
5109,5,SA,5000
5110,5,SA,5000
5111,5,SA,5000
5112,5,SA,5000
5113,5,SA,5000
5114,5,SA,5000
5115,5,SA,5000
5116,5,SA,5000
5117,5,SA,5000
5118,5,SA,5000
5120,5,SA,5000
5121,5,SA,5000
5125,5,SA,5000
5126,5,SA,5000
5127,5,SA,5000
5131,5,SA,5000
5132,5,SA,5000
5133,5,SA,5000
5134,5,SA,5000
5136,5,SA,5000
5137,5,SA,5000
5138,5,SA,5000
5139,5,SA,5000
5140,5,SA,5000
5141,5,SA,5000
5142,5,SA,5000
5144,5,SA,5000
5150,5,SA,5000
5151,5,SA,5000
5152,5,SA,5000
5153,5,SA,5000
5154,5,SA,5000
5155,5,SA,5000
5156,5,SA,5000
5157,5,SA,5000
5158,5,SA,5000
5159,5,SA,5000
5160,5,SA,5000
5161,5,SA,5000
5162,5,SA,5000
5163,5,SA,5000
5164,5,SA,5000
5165,5,SA,5000
5166,5,SA,5000
5167,5,SA,5000
5168,5,SA,5000
5169,5,SA,5000
5170,5,SA,5000
5171,5,SA,5000
5172,5,SA,5000
5173,5,SA,5000
5174,5,SA,5000
5201,5,SA,5000
5202,5,SA,5000
5203,5,SA,5000
5204,5,SA,5000
5210,5,SA,5000
5211,5,SA,5000
5212,5,SA,5000
5213,5,SA,5000
5214,5,SA,5000
5220,5,SA,5000
5221,5,SA,5000
5222,5,SA,5000
5223,5,SA,5000
5231,5,SA,5000
5232,5,SA,5000
5233,5,SA,5000
5234,5,SA,5000
5235,4,SA,5330
5236,4,SA,5330
5237,4,SA,5330
5238,4,SA,5330
5240,5,SA,5000
5241,5,SA,5000
5242,5,SA,5000
5243,5,SA,5000
5244,5,SA,5000
5245,5,SA,5000
5250,5,SA,5000
5251,5,SA,5000
5252,5,SA,5000
5253,4,SA,5330
5254,5,SA,5000
5255,5,SA,5000
5256,5,SA,5000
5259,5,SA,5000
5260,5,SA,5000
5261,5,SA,5000
5262,5,SA,5000
5263,5,SA,5000
5264,5,SA,5000
5265,5,SA,5000
5266,5,SA,5000
5267,5,SA,5000
5268,6,SA,5270
5269,6,SA,5270
5270,6,SA,5270
5271,6,SA,5270
5272,5,SA,5000
5273,5,SA,5000
5275,5,SA,5000
5276,5,SA,5000
5277,5,SA,5000
5278,5,SA,5000
5279,5,SA,5000
5280,5,SA,5000
5290,5,SA,5000
5291,5,SA,5000
5301,5,SA,5000
5302,5,SA,5000
5303,4,SA,5330
5304,4,SA,5330
5306,4,SA,5330
5307,4,SA,5330
5308,4,SA,5330
5309,4,SA,5330
5310,4,SA,5330
5311,4,SA,5330
5320,4,SA,5330
5321,4,SA,5330
5322,4,SA,5330
5330,4,SA,5330
5331,4,SA,5330
5332,4,SA,5330
5333,4,SA,5330
5340,4,SA,5330
5341,4,SA,5330
5342,4,SA,5330
5343,4,SA,5330
5344,4,SA,5330
5345,4,SA,5330
5346,4,SA,5330
5350,5,SA,5000
5351,4,SA,5330
5352,4,SA,5330
5353,4,SA,5330
5354,4,SA,5330
5355,4,SA,5330
5356,4,SA,5330
5357,4,SA,5330
5360,4,SA,5330
5371,5,SA,5000
5372,4,SA,5330
5373,4,SA,5330
5374,4,SA,5330
5381,4,SA,5330
5400,5,SA,5000
5401,4,SA,5330
5410,4,SA,5330
5411,4,SA,5330
5412,4,SA,5330
5413,4,SA,5330
5414,4,SA,5330
5415,4,SA,5330
5416,4,SA,5330
5417,4,SA,5330
5418,4,SA,5330
5419,4,SA,5330
5420,4,SA,5330
5421,4,SA,5330
5422,4,SA,5330
5431,4,SA,5330
5432,4,SA,5330
5433,4,SA,5330
5434,4,SA,5330
5440,4,SA,5330
5451,4,SA,5330
5452,4,SA,5330
5453,4,SA,5330
5454,4,SA,5330
5455,4,SA,5330
5460,5,SA,5000
5461,4,SA,5330
5462,4,SA,5330
5464,4,SA,5330
5470,4,SA,5330
5471,4,SA,5330
5472,4,SA,5330
5473,4,SA,5330
5480,4,SA,5330
5481,4,SA,5330
5482,4,SA,5330
5483,4,SA,5330
5485,4,SA,5330
5490,4,SA,5330
5491,4,SA,5330
5493,4,SA,5330
5495,4,SA,5330
5501,5,SA,5000
5502,5,SA,5000
5510,5,SA,5000
5520,4,SA,5330
5521,4,SA,5330
5522,5,SA,5000
5523,4,SA,5330
5540,4,SA,5330
5550,5,SA,5000
5552,5,SA,5000
5554,5,SA,5000
5555,5,SA,5000
5556,5,SA,5000
5558,5,SA,5000
5560,5,SA,5000
5570,5,SA,5000
5571,5,SA,5000
5572,5,SA,5000
5573,5,SA,5000
5575,5,SA,5000
5576,5,SA,5000
5577,5,SA,5000
5580,5,SA,5000
5581,5,SA,5000
5582,5,SA,5000
5583,5,SA,5000
5600,4,SA,5330
5601,4,SA,5330
5602,5,SA,5000
5603,5,SA,5000
5604,5,SA,5000
5605,5,SA,5000
5606,5,SA,5000
5607,5,SA,5000
5608,4,SA,5330
5609,4,SA,5330
5611,4,SA,5330
5630,5,SA,5000
5631,5,SA,5000
5632,5,SA,5000
5633,5,SA,5000
5640,5,SA,5000
5641,5,SA,5000
5642,5,SA,5000
5650,5,SA,5000
5651,5,SA,5000
5652,5,SA,5000
5653,5,SA,5000
5654,5,SA,5000
5655,4,SA,5330
5660,5,SA,5000
5661,4,SA,5330
5670,5,SA,5000
5671,5,SA,5000
5680,5,SA,5000
5690,4,SA,5330
5700,4,SA,5330
5701,4,SA,5330
5710,4,SA,5330
5713,4,SA,5330
5715,4,SA,5330
5717,4,SA,5330
5719,4,SA,5330
5720,4,SA,5330
5722,4,SA,5330
5723,4,SA,5330
5724,4,SA,5330
5725,4,SA,5330
5730,4,SA,5330
5731,4,SA,5330
5732,4,SA,5330
5733,4,SA,5330
5734,4,SA,5330
5950,5,SA,5000
6000,5,WA,6000
6003,5,WA,6000
6004,5,WA,6000
6005,5,WA,6000
6006,5,WA,6000
6007,5,WA,6000
6008,5,WA,6000
6009,5,WA,6000
6010,5,WA,6000
6011,5,WA,6000
6012,5,WA,6000
6014,5,WA,6000
6015,5,WA,6000
6016,5,WA,6000
6017,5,WA,6000
6018,5,WA,6000
6019,5,WA,6000
6020,5,WA,6000
6021,5,WA,6000
6022,5,WA,6000
6023,5,WA,6000
6024,5,WA,6000
6025,5,WA,6000
6026,5,WA,6000
6027,5,WA,6000
6028,5,WA,6000
6029,5,WA,6000
6030,5,WA,6000
6031,5,WA,6000
6032,5,WA,6000
6033,5,WA,6000
6034,5,WA,6000
6035,5,WA,6000
6036,5,WA,6000
6037,5,WA,6000
6038,5,WA,6000
6041,5,WA,6000
6042,5,WA,6000
6043,5,WA,6000
6044,5,WA,6000
6050,5,WA,6000
6051,5,WA,6000
6052,5,WA,6000
6053,5,WA,6000
6054,5,WA,6000
6055,5,WA,6000
6056,5,WA,6000
6057,5,WA,6000
6058,5,WA,6000
6059,5,WA,6000
6060,5,WA,6000
6061,5,WA,6000
6062,5,WA,6000
6063,5,WA,6000
6064,5,WA,6000
6065,5,WA,6000
6066,5,WA,6000
6067,5,WA,6000
6068,5,WA,6000
6069,5,WA,6000
6070,5,WA,6000
6071,5,WA,6000
6072,5,WA,6000
6073,5,WA,6000
6074,5,WA,6000
6076,5,WA,6000
6077,5,WA,6000
6078,5,WA,6000
6079,5,WA,6000
6081,5,WA,6000
6082,5,WA,6000
6083,5,WA,6000
6084,5,WA,6000
6090,5,WA,6000
6100,5,WA,6000
6101,5,WA,6000
6102,5,WA,6000
6103,5,WA,6000
6104,5,WA,6000
6105,5,WA,6000
6106,5,WA,6000
6107,5,WA,6000
6108,5,WA,6000
6109,5,WA,6000
6110,5,WA,6000
6111,5,WA,6000
6112,5,WA,6000
6121,5,WA,6000
6122,5,WA,6000
6123,5,WA,6000
6124,5,WA,6000
6125,5,WA,6000
6126,5,WA,6000
6147,5,WA,6000
6148,5,WA,6000
6149,5,WA,6000
6150,5,WA,6000
6151,5,WA,6000
6152,5,WA,6000
6153,5,WA,6000
6154,5,WA,6000
6155,5,WA,6000
6156,5,WA,6000
6157,5,WA,6000
6158,5,WA,6000
6159,5,WA,6000
6160,5,WA,6000
6161,5,WA,6000
6162,5,WA,6000
6163,5,WA,6000
6164,5,WA,6000
6165,5,WA,6000
6166,5,WA,6000
6167,5,WA,6000
6168,5,WA,6000
6169,5,WA,6000
6170,5,WA,6000
6171,5,WA,6000
6172,5,WA,6000
6173,5,WA,6000
6174,5,WA,6000
6175,5,WA,6000
6176,5,WA,6000
6180,5,WA,6000
6181,5,WA,6000
6182,5,WA,6000
6207,5,WA,6000
6208,5,WA,6000
6209,5,WA,6000
6210,5,WA,6000
6211,5,WA,6000
6213,5,WA,6000
6214,5,WA,6000
6215,5,WA,6000
6218,5,WA,6000
6219,5,WA,6000
6220,5,WA,6000
6221,5,WA,6000
6223,5,WA,6000
6224,5,WA,6000
6225,5,WA,6000
6226,5,WA,6000
6227,5,WA,6000
6228,5,WA,6000
6229,5,WA,6000
6230,5,WA,6000
6232,5,WA,6000
6233,5,WA,6000
6236,5,WA,6000
6237,5,WA,6000
6239,5,WA,6000
6240,5,WA,6000
6243,5,WA,6000
6244,5,WA,6000
6251,5,WA,6000
6252,5,WA,6000
6253,5,WA,6000
6254,5,WA,6000
6255,5,WA,6000
6256,5,WA,6000
6258,5,WA,6000
6260,5,WA,6000
6262,5,WA,6000
6271,5,WA,6000
6275,5,WA,6000
6280,5,WA,6000
6281,5,WA,6000
6282,5,WA,6000
6284,5,WA,6000
6285,5,WA,6000
6286,5,WA,6000
6288,5,WA,6000
6290,5,WA,6000
6302,5,WA,6000
6304,5,WA,6000
6306,5,WA,6000
6308,5,WA,6000
6309,5,WA,6000
6311,5,WA,6000
6312,5,WA,6000
6313,5,WA,6000
6315,5,WA,6000
6316,5,WA,6000
6317,5,WA,6000
6318,5,WA,6000
6320,5,WA,6000
6321,5,WA,6000
6322,5,WA,6000
6323,5,WA,6000
6324,5,WA,6000
6326,5,WA,6000
6327,5,WA,6000
6328,5,WA,6000
6330,5,WA,6000
6333,5,WA,6000
6335,5,WA,6000
6336,5,WA,6000
6337,5,WA,6000
6338,5,WA,6000
6341,5,WA,6000
6343,5,WA,6000
6346,5,WA,6000
6348,5,WA,6000
6350,5,WA,6000
6351,5,WA,6000
6352,5,WA,6000
6353,5,WA,6000
6355,5,WA,6000
6356,4,WA,6430
6357,5,WA,6000
6358,5,WA,6000
6359,5,WA,6000
6361,5,WA,6000
6363,5,WA,6000
6365,5,WA,6000
6367,5,WA,6000
6368,5,WA,6000
6369,5,WA,6000
6370,5,WA,6000
6372,5,WA,6000
6373,5,WA,6000
6375,5,WA,6000
6383,5,WA,6000
6384,5,WA,6000
6385,5,WA,6000
6386,5,WA,6000
6390,5,WA,6000
6391,5,WA,6000
6392,5,WA,6000
6393,5,WA,6000
6394,5,WA,6000
6395,5,WA,6000
6396,5,WA,6000
6397,5,WA,6000
6398,5,WA,6000
6401,5,WA,6000
6403,5,WA,6000
6405,5,WA,6000
6407,5,WA,6000
6409,5,WA,6000
6410,5,WA,6000
6411,5,WA,6000
6412,5,WA,6000
6413,5,WA,6000
6414,5,WA,6000
6415,5,WA,6000
6418,5,WA,6000
6419,5,WA,6000
6420,5,WA,6000
6421,5,WA,6000
6422,5,WA,6000
6423,5,WA,6000
6424,5,WA,6000
6425,5,WA,6000
6426,4,WA,6430
6427,4,WA,6430
6428,5,WA,6000
6429,4,WA,6430
6430,4,WA,6430
6431,4,WA,6430
6432,4,WA,6430
6434,4,WA,6430
6436,4,WA,6430
6437,4,WA,6430
6438,4,WA,6430
6440,4,WA,6430
6442,4,WA,6430
6443,4,WA,6430
6445,4,WA,6430
6446,5,WA,6000
6447,5,WA,6000
6448,5,WA,6000
6450,5,WA,6000
6452,5,WA,6000
6460,5,WA,6000
6461,5,WA,6000
6462,5,WA,6000
6463,5,WA,6000
6465,5,WA,6000
6466,5,WA,6000
6467,5,WA,6000
6468,5,WA,6000
6470,5,WA,6000
6472,5,WA,6000
6473,5,WA,6000
6475,5,WA,6000
6476,5,WA,6000
6477,5,WA,6000
6479,5,WA,6000
6480,5,WA,6000
6484,4,WA,6430
6485,5,WA,6000
6487,5,WA,6000
6488,5,WA,6000
6489,5,WA,6000
6490,5,WA,6000
6501,5,WA,6000
6502,5,WA,6000
6503,5,WA,6000
6504,5,WA,6000
6505,5,WA,6000
6506,5,WA,6000
6507,5,WA,6000
6509,5,WA,6000
6510,5,WA,6000
6511,5,WA,6000
6512,5,WA,6000
6513,5,WA,6000
6514,5,WA,6000
6515,5,WA,6000
6516,5,WA,6000
6517,5,WA,6000
6518,5,WA,6000
6519,5,WA,6000
6521,5,WA,6000
6522,5,WA,6000
6525,5,WA,6000
6528,5,WA,6000
6530,5,WA,6000
6532,3,WA,6640
6535,5,WA,6000
6536,3,WA,6640
6537,1,WA,6720
6556,5,WA,6000
6558,5,WA,6000
6560,5,WA,6000
6562,5,WA,6000
6564,5,WA,6000
6566,5,WA,6000
6567,5,WA,6000
6568,5,WA,6000
6569,5,WA,6000
6571,5,WA,6000
6572,5,WA,6000
6574,5,WA,6000
6575,5,WA,6000
6603,5,WA,6000
6605,5,WA,6000
6606,5,WA,6000
6608,5,WA,6000
6609,5,WA,6000
6612,5,WA,6000
6613,5,WA,6000
6614,5,WA,6000
6616,5,WA,6000
6620,5,WA,6000
6623,5,WA,6000
6625,5,WA,6000
6627,5,WA,6000
6628,5,WA,6000
6630,4,WA,6430
6631,5,WA,6000
6632,5,WA,6000
6635,4,WA,6430
6638,3,WA,6640
6639,4,WA,6430
6640,3,WA,6640
6642,3,WA,6640
6646,4,WA,6430
6701,1,WA,6720
6705,1,WA,6720
6707,1,WA,6720
6710,1,WA,6720
6712,1,WA,6720
6713,1,WA,6720
6714,1,WA,6720
6716,1,WA,6720
6718,1,WA,6720
6720,1,WA,6720
6721,1,WA,6720
6722,1,WA,6720
6725,1,WA,6720
6726,1,WA,6720
6728,1,WA,6720
6740,1,WA,6720
6743,1,WA,6720
6751,1,WA,6720
6753,3,WA,6640
6754,1,WA,6720
6758,3,WA,6640
6760,1,WA,6720
6762,1,WA,6720
6765,1,WA,6720
6770,1,WA,6720
6798,1,WA,6720
6799,1,WA,6720
7000,5,TAS,7000
7004,5,TAS,7000
7005,5,TAS,7000
7007,5,TAS,7000
7008,5,TAS,7000
7009,5,TAS,7000
7010,5,TAS,7000
7011,5,TAS,7000
7012,5,TAS,7000
7015,5,TAS,7000
7016,5,TAS,7000
7017,5,TAS,7000
7018,5,TAS,7000
7019,5,TAS,7000
7020,5,TAS,7000
7021,5,TAS,7000
7022,5,TAS,7000
7023,5,TAS,7000
7024,5,TAS,7000
7025,5,TAS,7000
7026,5,TAS,7000
7027,5,TAS,7000
7030,5,TAS,7000
7050,5,TAS,7000
7052,5,TAS,7000
7053,5,TAS,7000
7054,5,TAS,7000
7055,5,TAS,7000
7109,5,TAS,7000
7112,5,TAS,7000
7113,5,TAS,7000
7116,5,TAS,7000
7117,5,TAS,7000
7119,5,TAS,7000
7120,5,TAS,7000
7139,5,TAS,7000
7140,5,TAS,7000
7150,5,TAS,7000
7155,5,TAS,7000
7162,5,TAS,7000
7163,5,TAS,7000
7170,5,TAS,7000
7171,5,TAS,7000
7172,5,TAS,7000
7173,5,TAS,7000
7174,5,TAS,7000
7175,5,TAS,7000
7176,5,TAS,7000
7177,5,TAS,7000
7178,5,TAS,7000
7179,5,TAS,7000
7180,5,TAS,7000
7182,5,TAS,7000
7183,5,TAS,7000
7184,5,TAS,7000
7185,5,TAS,7000
7186,5,TAS,7000
7187,5,TAS,7000
7190,5,TAS,7000
7209,5,TAS,7000
7210,5,TAS,7000
7211,5,TAS,7000
7212,5,TAS,7000
7213,5,TAS,7000
7214,5,TAS,7000
7215,5,TAS,7000
7216,5,TAS,7000
7248,5,TAS,7000
7249,5,TAS,7000
7250,5,TAS,7000
7252,5,TAS,7000
7253,5,TAS,7000
7254,5,TAS,7000
7255,5,TAS,7000
7256,5,TAS,7000
7257,5,TAS,7000
7258,5,TAS,7000
7259,5,TAS,7000
7260,5,TAS,7000
7261,5,TAS,7000
7262,5,TAS,7000
7263,5,TAS,7000
7264,5,TAS,7000
7265,5,TAS,7000
7267,5,TAS,7000
7268,5,TAS,7000
7270,5,TAS,7000
7275,5,TAS,7000
7276,5,TAS,7000
7277,5,TAS,7000
7290,5,TAS,7000
7291,5,TAS,7000
7292,5,TAS,7000
7300,5,TAS,7000
7301,5,TAS,7000
7302,5,TAS,7000
7303,5,TAS,7000
7304,5,TAS,7000
7305,5,TAS,7000
7306,5,TAS,7000
7307,5,TAS,7000
7310,5,TAS,7000
7315,5,TAS,7000
7316,5,TAS,7000
7320,5,TAS,7000
7321,5,TAS,7000
7322,5,TAS,7000
7325,5,TAS,7000
7330,6,TAS,7330
7331,5,TAS,7000
7466,5,TAS,7000
7467,5,TAS,7000
7468,5,TAS,7000
7469,5,TAS,7000
7470,5,TAS,7000
